,acc,auc,loss,val_acc,val_auc,val_loss,learning_rate
0,0.14910556375980377,0.5607632398605347,2.736164093017578,0.1569124460220337,0.48625636100769043,2.6334168910980225,9.999999747378752e-06
1,0.2703459858894348,0.6636539697647095,2.267927408218384,0.15783409774303436,0.5284236669540405,2.5880048274993896,9.999999747378752e-06
