,acc,auc,loss,val_acc,val_auc,val_loss,learning_rate
0,0.1631118506193161,0.5716289281845093,2.664141893386841,0.19101382791996002,0.5332092046737671,2.5509393215179443,9.999999747378752e-06
1,0.2725083529949188,0.6564675569534302,2.281118392944336,0.19285714626312256,0.5531951189041138,2.480238676071167,9.999999747378752e-06
