,loss,acc,mse,val_loss,val_acc,val_mse,lr
0,1.8332897424697876,0.4046046733856201,29.546281814575195,3.274155616760254,0.0551116019487381,29.53937339782715,1e-05
1,0.8923130035400391,0.7051917314529419,29.56607437133789,3.4053640365600586,0.04684486240148544,29.535144805908203,1e-05
2,0.5836363434791565,0.8059071898460388,29.576784133911133,2.9642908573150635,0.07632956653833389,29.534812927246094,1e-05
3,0.42248350381851196,0.8630526661872864,29.583711624145508,2.8017802238464355,0.06640947610139847,29.53635025024414,1e-05
4,0.3241920471191406,0.899559736251831,29.588581085205078,2.558673620223999,0.1410856992006302,29.53972625732422,1e-05
5,0.25064536929130554,0.9227664470672607,29.592330932617188,2.1247141361236572,0.30008265376091003,29.544361114501953,1e-05
6,0.2011665403842926,0.9397358298301697,29.59514617919922,1.6633368730545044,0.46293744444847107,29.55185890197754,1e-05
7,0.15777340531349182,0.9561548233032227,29.59735679626465,1.4052605628967285,0.5563516020774841,29.56315040588379,1e-05
