,acc,loss,val_acc,val_loss,learning_rate
0,0.17760959267616272,2.565706968307495,0.09078340977430344,3.273951768875122,9.999999747378752e-06
1,0.31039905548095703,2.1007332801818848,0.06958525627851486,2.757598400115967,9.999999747378752e-06
