,loss,acc,mse,val_loss,val_acc,val_mse,lr
0,2.235536813735962,0.2818748950958252,29.540023803710938,2.9120755195617676,0.09424083679914474,29.531463623046875,1e-05
1,1.3907963037490845,0.5367822647094727,29.551349639892578,3.1729164123535156,0.0686139464378357,29.537290573120117,1e-05
2,1.0391910076141357,0.6559346914291382,29.561626434326172,3.1544313430786133,0.052080463618040085,29.541400909423828,1e-05
3,0.830702543258667,0.7312420010566711,29.568599700927734,3.196026086807251,0.05538715794682503,29.542537689208984,1e-05
4,0.694779634475708,0.7694918513298035,29.573440551757812,2.8594274520874023,0.20088177919387817,29.54779624938965,1e-05
5,0.5981823801994324,0.8023298382759094,29.577177047729492,2.7765843868255615,0.2667401432991028,29.556211471557617,1e-05
6,0.5128095746040344,0.8317739963531494,29.580263137817383,2.6402106285095215,0.3009093403816223,29.563465118408203,1e-05
7,0.44909021258354187,0.8522289395332336,29.583248138427734,2.202267646789551,0.3868834376335144,29.56300163269043,1e-05
