,acc,auc,loss,val_acc,val_auc,val_loss,learning_rate
0,0.15549439191818237,0.5632098913192749,2.6845271587371826,0.08986175060272217,0.4958263337612152,2.5906875133514404,9.999999747378752e-06
1,0.27540791034698486,0.667700469493866,2.2279446125030518,0.10184331983327866,0.48458558320999146,2.4093799591064453,9.999999747378752e-06
