,acc,loss,val_acc,val_loss,learning_rate
0,0.1726459562778473,2.566128969192505,0.19308756291866302,2.5223774909973145,9.999999747378752e-06
1,0.3167878985404968,2.0878262519836426,0.14746543765068054,2.496060848236084,9.999999747378752e-06
