,acc,auc,loss,val_acc,val_auc,val_loss,learning_rate
0,0.14142736792564392,0.5501927137374878,2.721466302871704,0.06369197368621826,0.4979788362979889,2.6010777950286865,9.999999747378752e-06
1,0.2651474177837372,0.6548768281936646,2.223937749862671,0.28895285725593567,0.44787511229515076,2.4185781478881836,9.999999747378752e-06
