,acc,auc,loss,val_acc,val_auc,val_loss,learning_rate
0,0.13391979038715363,0.5470245480537415,2.7892699241638184,0.09262672811746597,0.5304725170135498,3.0633513927459717,9.999999747378752e-06
1,0.2372223287820816,0.6423326730728149,2.3434255123138428,0.11774193495512009,0.5419544577598572,2.9316065311431885,9.999999747378752e-06
