,acc,loss,val_acc,val_loss,learning_rate
0,0.1364942491054535,2.7886617183685303,0.08878669887781143,3.033181667327881,9.999999747378752e-06
1,0.24213550984859467,2.3374416828155518,0.12486734986305237,2.6700291633605957,9.999999747378752e-06
2,0.34565940499305725,1.9924818277359009,0.032897062599658966,2.66615629196167,9.999999747378752e-06
3,0.43035390973091125,1.7358946800231934,0.13760170340538025,2.504434585571289,9.999999747378752e-06
4,0.4952359199523926,1.5469341278076172,0.16377785801887512,2.29892635345459,9.999999747378752e-06
5,0.5412885546684265,1.4037944078445435,0.2709586024284363,2.1297521591186523,9.999999747378752e-06
6,0.5803085565567017,1.2935614585876465,0.372479647397995,1.8784174919128418,9.999999747378752e-06
7,0.6091954112052917,1.1927257776260376,0.4704633951187134,1.593204379081726,9.999999747378752e-06
