,loss,acc,mse,val_loss,val_acc,val_mse,lr
0,2.329575538635254,0.268024206161499,29.53986358642578,2.5440561771392822,0.08487186580896378,29.531564712524414,1e-05
1,1.4579110145568848,0.5263254642486572,29.551904678344727,2.473310708999634,0.2796913683414459,29.535186767578125,1e-05
2,1.0928694009780884,0.6384149789810181,29.56134796142578,3.207714557647705,0.2951226234436035,29.588268280029297,1e-05
3,0.8719295263290405,0.7104201316833496,29.568161010742188,3.0732836723327637,0.30917608737945557,29.577585220336914,1e-05
4,0.7290830016136169,0.759310245513916,29.57297706604004,2.448105812072754,0.19509506225585938,29.540929794311523,1e-05
5,0.614252507686615,0.797468364238739,29.57715606689453,2.301424741744995,0.34885644912719727,29.552438735961914,1e-05
6,0.5319565534591675,0.8217757940292358,29.580312728881836,2.047386646270752,0.3937723934650421,29.55461883544922,1e-05
7,0.45844557881355286,0.8503026962280273,29.583255767822266,1.8716940879821777,0.4524662494659424,29.55828094482422,1e-05
