,acc,auc,loss,val_acc,val_auc,val_loss,learning_rate
0,0.16129349172115326,0.5702778697013855,2.675043821334839,0.08548387140035629,0.5383111238479614,2.7385542392730713,9.999999747378752e-06
1,0.2809121310710907,0.671969473361969,2.2265610694885254,0.08917050808668137,0.5828371047973633,2.749086618423462,9.999999747378752e-06
2,0.3619520366191864,0.7387439012527466,1.9446431398391724,0.20737327635288239,0.6073422431945801,2.357672691345215,9.999999747378752e-06
3,0.42141732573509216,0.7828055620193481,1.7578915357589722,0.29723501205444336,0.7217315435409546,2.023055076599121,9.999999747378752e-06
4,0.46137213706970215,0.8146299123764038,1.6165879964828491,0.3942396342754364,0.7915521860122681,1.8065006732940674,9.999999747378752e-06
5,0.4945449233055115,0.8384219408035278,1.5089775323867798,0.550000011920929,0.8819690942764282,1.3598965406417847,9.999999747378752e-06
6,0.5274719595909119,0.8574832081794739,1.4136449098587036,0.6276497840881348,0.9184171557426453,1.1266064643859863,9.999999747378752e-06
7,0.5506192445755005,0.8708646893501282,1.344512701034546,0.6495391726493835,0.9266551733016968,1.0544075965881348,9.999999747378752e-06
