,acc,auc,loss,val_acc,val_auc,val_loss,learning_rate
0,0.15957342088222504,0.5777037739753723,2.6812918186187744,0.19101382791996002,0.48799237608909607,3.006859540939331,9.999999747378752e-06
1,0.2893650531768799,0.6896149516105652,2.1821632385253906,0.1071428582072258,0.47425371408462524,2.8083741664886475,9.999999747378752e-06
